Nasdaq Traded,Symbol,Security Name,Listing Exchange,Market Category,ETF,Round Lot Size,Test Issue,Financial Status,CQS Symbol,NASDAQ Symbol,NextShares,Industry,Source
Y,AMC,"AMC Entertainment Holdings, Inc. Class A Common Stock",N, ,N,100.0,N,,AMC,AMC,N,Communication Services,Yahoo Finance
Y,AMCX,AMC Networks Inc. - Class A Common Stock,Q,Q,N,100.0,N,N,,AMCX,N,Communication Services,Yahoo Finance
Y,AMX,"America Movil, S.A.B. de C.V. American Depository Receipt Series L",N, ,N,100.0,N,,AMX,AMX,N,Communication Services,Yahoo Finance
Y,ANGI,ANGI Homeservices Inc. - Class A Common Stock,Q,Q,N,100.0,N,N,,ANGI,N,Communication Services,Yahoo Finance
Y,ANTE,"AirNet Technology Inc. - American Depositary Shares, each representing ten ordinary shares",Q,S,N,100.0,N,N,,ANTE,N,Communication Services,Yahoo Finance
Y,ATEX,Anterix Inc. - Common Stock,Q,S,N,100.0,N,N,,ATEX,N,Communication Services,Yahoo Finance
Y,ATHM,"Autohome Inc. American Depositary Shares, each representing one class A ordinary share.",N, ,N,100.0,N,,ATHM,ATHM,N,Communication Services,Yahoo Finance
Y,ATNI,"ATN International, Inc. - Common Stock",Q,Q,N,100.0,N,N,,ATNI,N,Communication Services,Yahoo Finance
Y,ATUS,"Altice USA, Inc. Class A Common Stock",N, ,N,100.0,N,,ATUS,ATUS,N,Communication Services,Yahoo Finance
Y,BATRA,Liberty Media Corporation - Series A Liberty Braves Common Stock,Q,Q,N,100.0,N,N,,BATRA,N,Communication Services,Yahoo Finance
Y,BATRK,Liberty Media Corporation - Series C Liberty Braves Common Stock,Q,Q,N,100.0,N,N,,BATRK,N,Communication Services,Yahoo Finance
Y,BBGI,"Beasley Broadcast Group, Inc. - Class A Common Stock",Q,G,N,100.0,N,N,,BBGI,N,Communication Services,Yahoo Finance
Y,BCE,"BCE, Inc. Common Stock",N, ,N,100.0,N,,BCE,BCE,N,Communication Services,Yahoo Finance
Y,BHAT,Blue Hat Interactive Entertainment Technology - Ordinary Shares,Q,S,N,100.0,N,N,,BHAT,N,Communication Services,Yahoo Finance
Y,BIDU,"Baidu, Inc. - American Depositary Shares, each representing one tenth Class A ordinary share",Q,Q,N,100.0,N,N,,BIDU,N,Communication Services,Yahoo Finance
Y,BILI,Bilibili Inc. - American Depositary Shares,Q,Q,N,100.0,N,N,,BILI,N,Communication Services,Yahoo Finance
Y,CABO,"Cable One, Inc. Common Stock",N, ,N,100.0,N,,CABO,CABO,N,Communication Services,Yahoo Finance
Y,CARS,Cars.com Inc. Common Stock ,N, ,N,100.0,N,,CARS,CARS,N,Communication Services,Yahoo Finance
Y,CCO,"Clear Channel Outdoor Holdings, Inc. Common Stock",N, ,N,100.0,N,,CCO,CCO,N,Communication Services,Yahoo Finance
Y,CCOI,"Cogent Communications Holdings, Inc. - Common Stock",Q,Q,N,100.0,N,N,,CCOI,N,Communication Services,Yahoo Finance
Y,CDLX,"Cardlytics, Inc. - Common Stock",Q,G,N,100.0,N,N,,CDLX,N,Communication Services,Yahoo Finance
Y,CHT,"Chunghwa Telecom Co., Ltd.",N, ,N,100.0,N,,CHT,CHT,N,Communication Services,Yahoo Finance
Y,CHTR,"Charter Communications, Inc. - Class A Common Stock",Q,Q,N,100.0,N,N,,CHTR,N,Communication Services,Yahoo Finance
Y,CMCM,"Cheetah Mobile Inc. American Depositary Shares, each representing 10 Class Ordinary Shares",N, ,N,100.0,N,,CMCM,CMCM,N,Communication Services,Yahoo Finance
Y,CMCSA,Comcast Corporation - Class A Common Stock,Q,Q,N,100.0,N,N,,CMCSA,N,Communication Services,Yahoo Finance
Y,CMLS,Cumulus Media Inc. - Class A Common Stock,Q,G,N,100.0,N,N,,CMLS,N,Communication Services,Yahoo Finance
Y,CNET,"ChinaNet Online Holdings, Inc. - Common Stock",Q,S,N,100.0,N,N,,CNET,N,Communication Services,Yahoo Finance
Y,CNK,"Cinemark Holdings Inc Cinemark Holdings, Inc. Common Stock",N, ,N,100.0,N,,CNK,CNK,N,Communication Services,Yahoo Finance
Y,CRTO,Criteo S.A. - American Depositary Shares,Q,Q,N,100.0,N,N,,CRTO,N,Communication Services,Yahoo Finance
Y,DGLY,"Digital Ally, Inc. - Common Stock",Q,S,N,100.0,N,D,,DGLY,N,Communication Services,Yahoo Finance
Y,DIS,Walt Disney Company (The) Common Stock,N, ,N,100.0,N,,DIS,DIS,N,Communication Services,Yahoo Finance
Y,DLPN,"Dolphin Entertainment, Inc. - Common Stock",Q,S,N,100.0,N,D,,DLPN,N,Communication Services,Yahoo Finance
Y,DOYU,DouYu International Holdings Limited - American Depositary Shares,Q,Q,N,100.0,N,N,,DOYU,N,Communication Services,Yahoo Finance
Y,EA,Electronic Arts Inc. - Common Stock,Q,Q,N,100.0,N,N,,EA,N,Communication Services,Yahoo Finance
Y,EB,"Eventbrite, Inc. Class A Common Stock",N, ,N,100.0,N,,EB,EB,N,Communication Services,Yahoo Finance
Y,EDUC,Educational Development Corporation - Common Stock,Q,G,N,100.0,N,N,,EDUC,N,Communication Services,Yahoo Finance
Y,EEX,"Emerald Holding, Inc. Common Stock",N, ,N,100.0,N,,EEX,EEX,N,Communication Services,Yahoo Finance
Y,EMMS,Emmis Communications Corporation - Class A Common Stock,Q,Q,N,100.0,N,N,,EMMS,N,Communication Services,Yahoo Finance
Y,EVC,Entravision Communications Corporation Common Stock,N, ,N,100.0,N,,EVC,EVC,N,Communication Services,Yahoo Finance
Y,EVER,"EverQuote, Inc. - Class A Common Stock",Q,G,N,100.0,N,N,,EVER,N,Communication Services,Yahoo Finance
Y,FENG,"Phoenix New Media Limited American Depositary Shares, each representing 8 Class A ordinary shares.",N, ,N,100.0,N,,FENG,FENG,N,Communication Services,Yahoo Finance
Y,FLNT,"Fluent, Inc. - Common Stock",Q,G,N,100.0,N,N,,FLNT,N,Communication Services,Yahoo Finance
Y,FOX,Fox Corporation - Class B Common Stock,Q,Q,N,100.0,N,N,,FOX,N,Communication Services,Yahoo Finance
Y,FOXA,Fox Corporation - Class A Common Stock,Q,Q,N,100.0,N,N,,FOXA,N,Communication Services,Yahoo Finance
Y,FVRR,"Fiverr International Ltd. Ordinary Shares, no par value",N, ,N,100.0,N,,FVRR,FVRR,N,Communication Services,Yahoo Finance
Y,FWONA,Liberty Media Corporation - Series A Liberty Formula One Common Stock,Q,Q,N,100.0,N,N,,FWONA,N,Communication Services,Yahoo Finance
Y,FWONK,Liberty Media Corporation - Series C Liberty Formula One Common Stock,Q,Q,N,100.0,N,N,,FWONK,N,Communication Services,Yahoo Finance
Y,GAIA,"Gaia, Inc. - Class A Common Stock",Q,G,N,100.0,N,N,,GAIA,N,Communication Services,Yahoo Finance
Y,GCI,"Gannett Co., Inc. Common Stock",N, ,N,100.0,N,,GCI,GCI,N,Communication Services,Yahoo Finance
Y,GIGM,GigaMedia Limited - Ordinary Shares,Q,S,N,100.0,N,N,,GIGM,N,Communication Services,Yahoo Finance
Y,GLIBA,"GCI Liberty, Inc. - Class A Common Stock",Q,Q,N,100.0,N,N,,GLIBA,N,Communication Services,Yahoo Finance
Y,GOGO,Gogo Inc. - Common Stock,Q,Q,N,100.0,N,N,,GOGO,N,Communication Services,Yahoo Finance
Y,GOOG,Alphabet Inc. - Class C Capital Stock,Q,Q,N,100.0,N,N,,GOOG,N,Communication Services,Yahoo Finance
Y,GOOGL,Alphabet Inc. - Class A Common Stock,Q,Q,N,100.0,N,N,,GOOGL,N,Communication Services,Yahoo Finance
Y,GRPN,"Groupon, Inc. - Common Stock",Q,Q,N,100.0,N,N,,GRPN,N,Communication Services,Yahoo Finance
Y,GRVY,"GRAVITY Co., Ltd. - American depositary shares, each representing one common share.",Q,G,N,100.0,N,N,,GRVY,N,Communication Services,Yahoo Finance
Y,GSAT,"Globalstar, Inc. Common Stock",A, ,N,100.0,N,,GSAT,GSAT,N,Communication Services,Yahoo Finance
Y,GTN,"Gray Television, Inc. Common Stock",N, ,N,100.0,N,,GTN,GTN,N,Communication Services,Yahoo Finance
Y,HUYA,"HUYA Inc. American depositary shares, each  representing one Class A ordinary share",N, ,N,100.0,N,,HUYA,HUYA,N,Communication Services,Yahoo Finance
Y,IAC,IAC/InterActiveCorp - Common Stock,Q,Q,N,100.0,N,N,,IAC,N,Communication Services,Yahoo Finance
Y,IDT,IDT Corporation Class B Common Stock,N, ,N,100.0,N,,IDT,IDT,N,Communication Services,Yahoo Finance
Y,IHRT,"iHeartMedia, Inc. - Class A Common Stock",Q,Q,N,100.0,N,N,,IHRT,N,Communication Services,Yahoo Finance
Y,IMAX,Imax Corporation Common Stock,N, ,N,100.0,N,,IMAX,IMAX,N,Communication Services,Yahoo Finance
Y,IPG,"Interpublic Group of Companies, Inc. (The) Common Stock",N, ,N,100.0,N,,IPG,IPG,N,Communication Services,Yahoo Finance
Y,IQ,"iQIYI, Inc. - American Depositary Shares",Q,Q,N,100.0,N,N,,IQ,N,Communication Services,Yahoo Finance
Y,IRDM,Iridium Communications Inc - Common Stock,Q,Q,N,100.0,N,N,,IRDM,N,Communication Services,Yahoo Finance
Y,IZEA,"IZEA Worldwide, Inc. - Common Stock",Q,S,N,100.0,N,D,,IZEA,N,Communication Services,Yahoo Finance
Y,JFIN,Jiayin Group Inc. - American Depositary Shares,Q,G,N,100.0,N,N,,JFIN,N,Communication Services,Yahoo Finance
Y,KRKR,36Kr Holdings Inc. - American Depositary Shares,Q,G,N,100.0,N,N,,KRKR,N,Communication Services,Yahoo Finance
Y,KT,KT Corporation Common Stock,N, ,N,100.0,N,,KT,KT,N,Communication Services,Yahoo Finance
Y,KVHI,"KVH Industries, Inc. - Common Stock",Q,Q,N,100.0,N,N,,KVHI,N,Communication Services,Yahoo Finance
Y,LBRDA,Liberty Broadband Corporation - Class A Common Stock,Q,Q,N,100.0,N,N,,LBRDA,N,Communication Services,Yahoo Finance
Y,LBRDK,Liberty Broadband Corporation - Class C Common Stock,Q,Q,N,100.0,N,N,,LBRDK,N,Communication Services,Yahoo Finance
Y,LBTYA,Liberty Global plc - Class A Ordinary Shares,Q,Q,N,100.0,N,N,,LBTYA,N,Communication Services,Yahoo Finance
Y,LBTYB,Liberty Global plc - Class B Ordinary Shares,Q,Q,N,100.0,N,N,,LBTYB,N,Communication Services,Yahoo Finance
Y,LBTYK,Liberty Global plc - Class C Ordinary Shares,Q,Q,N,100.0,N,N,,LBTYK,N,Communication Services,Yahoo Finance
Y,LEE,"Lee Enterprises, Incorporated Common Stock",N, ,N,100.0,N,,LEE,LEE,N,Communication Services,Yahoo Finance
Y,LILA,Liberty Latin America Ltd. - Class A Common Stock,Q,Q,N,100.0,N,N,,LILA,N,Communication Services,Yahoo Finance
Y,LILAK,Liberty Latin America Ltd. - Class C Common Stock,Q,Q,N,100.0,N,N,,LILAK,N,Communication Services,Yahoo Finance
Y,LYV,"Live Nation Entertainment, Inc. Common Stock",N, ,N,100.0,N,,LYV,LYV,N,Communication Services,Yahoo Finance
Y,MANU,Manchester United Ltd. Class A Ordinary Shares,N, ,N,100.0,N,,MANU,MANU,N,Communication Services,Yahoo Finance
Y,MCHX,"Marchex, Inc. - Class B Common Stock",Q,Q,N,100.0,N,N,,MCHX,N,Communication Services,Yahoo Finance
Y,MCS,Marcus Corporation (The) Common Stock,N, ,N,100.0,N,,MCS,MCS,N,Communication Services,Yahoo Finance
Y,MDIA,Mediaco Holding Inc. - Class A Common Stock,Q,S,N,100.0,N,N,,MDIA,N,Communication Services,Yahoo Finance
Y,MOMO,Momo Inc. - American Depositary Shares,Q,Q,N,100.0,N,N,,MOMO,N,Communication Services,Yahoo Finance
Y,MTCH,"Match Group, Inc. - Common Stock",Q,Q,N,100.0,N,N,,MTCH,N,Communication Services,Yahoo Finance
Y,NCMI,"National CineMedia, Inc. - Common Stock",Q,Q,N,100.0,N,N,,NCMI,N,Communication Services,Yahoo Finance
Y,NFLX,"Netflix, Inc. - Common Stock",Q,Q,N,100.0,N,N,,NFLX,N,Communication Services,Yahoo Finance
Y,NTES,"NetEase, Inc. - American Depositary Shares, each representing 25 ordinary shares",Q,Q,N,100.0,N,N,,NTES,N,Communication Services,Yahoo Finance
Y,NWS,News Corporation - Class B Common Stock,Q,Q,N,100.0,N,N,,NWS,N,Communication Services,Yahoo Finance
Y,NWSA,News Corporation - Class A Common Stock,Q,Q,N,100.0,N,N,,NWSA,N,Communication Services,Yahoo Finance
Y,NXST,"Nexstar Media Group, Inc. - Class A Common Stock",Q,Q,N,100.0,N,N,,NXST,N,Communication Services,Yahoo Finance
Y,NYT,New York Times Company (The) Common Stock,N, ,N,100.0,N,,NYT,NYT,N,Communication Services,Yahoo Finance
Y,OMC,Omnicom Group Inc. Common Stock,N, ,N,100.0,N,,OMC,OMC,N,Communication Services,Yahoo Finance
Y,OPRA,Opera Limited - American Depositary Shares,Q,Q,N,100.0,N,N,,OPRA,N,Communication Services,Yahoo Finance
Y,PERI,Perion Network Ltd - Ordinary Shares,Q,Q,N,100.0,N,N,,PERI,N,Communication Services,Yahoo Finance
Y,PHI,PLDT Inc. Sponsored ADR,N, ,N,100.0,N,,PHI,PHI,N,Communication Services,Yahoo Finance
Y,PINS,"Pinterest, Inc. Class A Common Stock",N, ,N,100.0,N,,PINS,PINS,N,Communication Services,Yahoo Finance
Y,PLAY,"Dave & Buster's Entertainment, Inc. - Common Stock",Q,Q,N,100.0,N,N,,PLAY,N,Communication Services,Yahoo Finance
Y,PSO,"Pearson, Plc Common Stock",N, ,N,100.0,N,,PSO,PSO,N,Communication Services,Yahoo Finance
Y,QNST,"QuinStreet, Inc. - Common Stock",Q,Q,N,100.0,N,N,,QNST,N,Communication Services,Yahoo Finance
Y,RCI,"Rogers Communication, Inc. Common Stock",N, ,N,100.0,N,,RCI,RCI,N,Communication Services,Yahoo Finance
Y,RDCM,Radcom Ltd. - Ordinary Shares,Q,S,N,100.0,N,N,,RDCM,N,Communication Services,Yahoo Finance
Y,RDI,Reading International Inc - Class A Non-voting Common Stock,Q,S,N,100.0,N,N,,RDI,N,Communication Services,Yahoo Finance
Y,RDIB,Reading International Inc - Class B Voting Common Stock,Q,S,N,100.0,N,N,,RDIB,N,Communication Services,Yahoo Finance
Y,ROKU,"Roku, Inc. - Class A Common Stock",Q,Q,N,100.0,N,N,,ROKU,N,Communication Services,Yahoo Finance
Y,SALM,"Salem Media Group, Inc. - Class A Common Stock",Q,G,N,100.0,N,N,,SALM,N,Communication Services,Yahoo Finance
Y,SATS,EchoStar Corporation - Common stock,Q,Q,N,100.0,N,N,,SATS,N,Communication Services,Yahoo Finance
Y,SBGI,"Sinclair Broadcast Group, Inc. - Class A Common Stock",Q,Q,N,100.0,N,N,,SBGI,N,Communication Services,Yahoo Finance
Y,SCHL,Scholastic Corporation - Common Stock,Q,Q,N,100.0,N,N,,SCHL,N,Communication Services,Yahoo Finance
Y,SCOR,"comScore, Inc. - Common Stock",Q,Q,N,100.0,N,N,,SCOR,N,Communication Services,Yahoo Finance
Y,SGA,"Saga Communications, Inc. - Class A Common Stock",Q,G,N,100.0,N,N,,SGA,N,Communication Services,Yahoo Finance
Y,SHEN,Shenandoah Telecommunications Co - Common Stock,Q,Q,N,100.0,N,N,,SHEN,N,Communication Services,Yahoo Finance
Y,SIFY,"Sify Technologies Limited - American Depository Shares, each represented by one Equity Share",Q,S,N,100.0,N,N,,SIFY,N,Communication Services,Yahoo Finance
Y,SIRI,Sirius XM Holdings Inc. - Common Stock,Q,Q,N,100.0,N,N,,SIRI,N,Communication Services,Yahoo Finance
Y,SKM,"SK Telecom Co., Ltd. Common Stock",N, ,N,100.0,N,,SKM,SKM,N,Communication Services,Yahoo Finance
Y,SNAP,Snap Inc. Class A Common Stock,N, ,N,100.0,N,,SNAP,SNAP,N,Communication Services,Yahoo Finance
Y,SOHU,Sohu.com Limited  - American Depositary Shares,Q,Q,N,100.0,N,N,,SOHU,N,Communication Services,Yahoo Finance
Y,SONG,Akazoo S.A. - Ordinary Shares,Q,S,N,100.0,N,N,,SONG,N,Communication Services,Yahoo Finance
Y,SPOT,Spotify Technology S.A. Ordinary Shares,N, ,N,100.0,N,,SPOT,SPOT,N,Communication Services,Yahoo Finance
Y,SSP,E.W. Scripps Company (The) - Class A Common Stock,Q,Q,N,100.0,N,N,,SSP,N,Communication Services,Yahoo Finance
Y,SSTK,"Shutterstock, Inc. Common Stock",N, ,N,100.0,N,,SSTK,SSTK,N,Communication Services,Yahoo Finance
Y,T,AT&T Inc.,N, ,N,100.0,N,,T,T,N,Communication Services,Yahoo Finance
Y,TC,TuanChe Limited - American Depositary Shares,Q,S,N,100.0,N,N,,TC,N,Communication Services,Yahoo Finance
Y,TDS,"Telephone and Data Systems, Inc. Common Shares",N, ,N,100.0,N,,TDS,TDS,N,Communication Services,Yahoo Finance
Y,TEF,Telefonica SA Common Stock,N, ,N,100.0,N,,TEF,TEF,N,Communication Services,Yahoo Finance
Y,TEO,Telecom Argentina SA,N, ,N,100.0,N,,TEO,TEO,N,Communication Services,Yahoo Finance
Y,TGNA,TEGNA Inc,N, ,N,100.0,N,,TGNA,TGNA,N,Communication Services,Yahoo Finance
Y,TIGO,Millicom International Cellular S.A. - Common Stock,Q,Q,N,100.0,N,N,,TIGO,N,Communication Services,Yahoo Finance
Y,TKC,Turkcell Iletisim Hizmetleri AS Common Stock,N, ,N,100.0,N,,TKC,TKC,N,Communication Services,Yahoo Finance
Y,TLK,"PT Telekomunikasi Indonesia, Tbk",N, ,N,100.0,N,,TLK,TLK,N,Communication Services,Yahoo Finance
Y,TME,"Tencent Music Entertainment Group American Depositary Shares, each representing two Class A Ordinary Shares",N, ,N,100.0,N,,TME,TME,N,Communication Services,Yahoo Finance
Y,TMUS,"T-Mobile US, Inc. - Common Stock",Q,Q,N,100.0,N,N,,TMUS,N,Communication Services,Yahoo Finance
Y,TRUE,"TrueCar, Inc. - Common Stock",Q,Q,N,100.0,N,N,,TRUE,N,Communication Services,Yahoo Finance
Y,TRVG,trivago N.V. - American Depositary Shares,Q,Q,N,100.0,N,N,,TRVG,N,Communication Services,Yahoo Finance
Y,TSQ,"Townsquare Media, Inc. Class A Common Stock",N, ,N,100.0,N,,TSQ,TSQ,N,Communication Services,Yahoo Finance
Y,TTD,"The Trade Desk, Inc. - Class A Common Stock",Q,G,N,100.0,N,N,,TTD,N,Communication Services,Yahoo Finance
Y,TTWO,"Take-Two Interactive Software, Inc. - Common Stock",Q,Q,N,100.0,N,N,,TTWO,N,Communication Services,Yahoo Finance
Y,TU,Telus Corporation Ordinary Shares,N, ,N,100.0,N,,TU,TU,N,Communication Services,Yahoo Finance
Y,TV,Grupo Televisa S.A. Common Stock,N, ,N,100.0,N,,TV,TV,N,Communication Services,Yahoo Finance
Y,TZOO,Travelzoo - Common Stock,Q,Q,N,100.0,N,N,,TZOO,N,Communication Services,Yahoo Finance
Y,UONE,"Urban One, Inc.  - Class A Common Stock",Q,S,N,100.0,N,N,,UONE,N,Communication Services,Yahoo Finance
Y,UONEK,"Urban One, Inc.  - Class D Common Stock",Q,S,N,100.0,N,N,,UONEK,N,Communication Services,Yahoo Finance
Y,UPWK,Upwork Inc. - Common Stock,Q,Q,N,100.0,N,N,,UPWK,N,Communication Services,Yahoo Finance
Y,VEON,VEON Ltd. - American Depositary Shares,Q,Q,N,100.0,N,N,,VEON,N,Communication Services,Yahoo Finance
Y,VIV,"Telefonica Brasil, S.A. ADS",N, ,N,100.0,N,,VIV,VIV,N,Communication Services,Yahoo Finance
Y,VOD,Vodafone Group Plc - American Depositary Shares each representing ten Ordinary Shares,Q,Q,N,100.0,N,N,,VOD,N,Communication Services,Yahoo Finance
Y,VZ,Verizon Communications Inc. Common Stock,N, ,N,100.0,N,,VZ,VZ,N,Communication Services,Yahoo Finance
Y,WB,Weibo Corporation - American Depositary Shares,Q,Q,N,100.0,N,N,,WB,N,Communication Services,Yahoo Finance
Y,WOW,"WideOpenWest, Inc. Common Stock",N, ,N,100.0,N,,WOW,WOW,N,Communication Services,Yahoo Finance
Y,WPP,WPP plc American Depositary Shares,N, ,N,100.0,N,,WPP,WPP,N,Communication Services,Yahoo Finance
Y,YELP,Yelp Inc. Common Stock,N, ,N,100.0,N,,YELP,YELP,N,Communication Services,Yahoo Finance
Y,Z,"Zillow Group, Inc. - Class C Capital Stock",Q,Q,N,100.0,N,N,,Z,N,Communication Services,Yahoo Finance
Y,ZDGE,"Zedge, Inc. Class B Common Stock ",A, ,N,100.0,N,,ZDGE,ZDGE,N,Communication Services,Yahoo Finance
Y,ZG,"Zillow Group, Inc. - Class A Common Stock",Q,Q,N,100.0,N,N,,ZG,N,Communication Services,Yahoo Finance
