Nasdaq Traded,Symbol,Security Name,Listing Exchange,Market Category,ETF,Round Lot Size,Test Issue,Financial Status,CQS Symbol,NASDAQ Symbol,NextShares,Industry,Source
Y,AACG,"ATA Creativity Global - American Depositary Shares, each representing two common shares",Q,G,N,100.0,N,N,,AACG,N,Consumer Defensive,Yahoo Finance
Y,ABEV,Ambev S.A. American Depositary Shares (Each representing 1 Common Share),N, ,N,100.0,N,,ABEV,ABEV,N,Consumer Defensive,Yahoo Finance
Y,ACU,Acme United Corporation. Common Stock,A, ,N,100.0,N,,ACU,ACU,N,Consumer Defensive,Yahoo Finance
Y,ADM,Archer-Daniels-Midland Company Common Stock,N, ,N,100.0,N,,ADM,ADM,N,Consumer Defensive,Yahoo Finance
Y,AFYA,Afya Limited - Class A Common Shares,Q,Q,N,100.0,N,N,,AFYA,N,Consumer Defensive,Yahoo Finance
Y,AGRO,Adecoagro S.A. Common Shares,N, ,N,100.0,N,,AGRO,AGRO,N,Consumer Defensive,Yahoo Finance
Y,ALCO,"Alico, Inc. - Common Stock",Q,Q,N,100.0,N,N,,ALCO,N,Consumer Defensive,Yahoo Finance
Y,AMBO,"Ambow Education Holding Ltd. American Depository Shares, each representing two Class A ordinary shares",A, ,N,100.0,N,,AMBO,AMBO,N,Consumer Defensive,Yahoo Finance
Y,ANDE,"The Andersons, Inc. - Common Stock",Q,Q,N,100.0,N,N,,ANDE,N,Consumer Defensive,Yahoo Finance
Y,APEI,"American Public Education, Inc. - Common Stock",Q,Q,N,100.0,N,N,,APEI,N,Consumer Defensive,Yahoo Finance
Y,AQB,"AquaBounty Technologies, Inc. - Common Stock",Q,S,N,100.0,N,N,,AQB,N,Consumer Defensive,Yahoo Finance
Y,ASPU,Aspen Group Inc. - Common Stock,Q,G,N,100.0,N,N,,ASPU,N,Consumer Defensive,Yahoo Finance
Y,ATGE,Adtalem Global Education Inc. Common Stock,N, ,N,100.0,N,,ATGE,ATGE,N,Consumer Defensive,Yahoo Finance
Y,BEDU,"Bright Scholar Education Holdings Limited American Depositary Shares, each  representing one Class A Ordinary Share",N, ,N,100.0,N,,BEDU,BEDU,N,Consumer Defensive,Yahoo Finance
Y,BG,Bunge Limited Bunge Limited,N, ,N,100.0,N,,BG,BG,N,Consumer Defensive,Yahoo Finance
Y,BGS,"B&G Foods, Inc. B&G Foods, Inc. Common Stock",N, ,N,100.0,N,,BGS,BGS,N,Consumer Defensive,Yahoo Finance
Y,BJ,"BJ's Wholesale Club Holdings, Inc. Common Stock",N, ,N,100.0,N,,BJ,BJ,N,Consumer Defensive,Yahoo Finance
Y,BRBR,"BellRing Brands, Inc. Class A Common Stock",N, ,N,100.0,N,,BRBR,BRBR,N,Consumer Defensive,Yahoo Finance
Y,BRFS,BRF S.A.,N, ,N,100.0,N,,BRFS,BRFS,N,Consumer Defensive,Yahoo Finance
Y,BRID,Bridgford Foods Corporation - Common Stock,Q,G,N,100.0,N,N,,BRID,N,Consumer Defensive,Yahoo Finance
Y,BTI,"British American Tobacco  Industries, p.l.c. Common Stock ADR",N, ,N,100.0,N,,BTI,BTI,N,Consumer Defensive,Yahoo Finance
Y,BUD,Anheuser-Busch Inbev SA Sponsored ADR (Belgium),N, ,N,100.0,N,,BUD,BUD,N,Consumer Defensive,Yahoo Finance
Y,BYND,"Beyond Meat, Inc. - Common stock",Q,Q,N,100.0,N,N,,BYND,N,Consumer Defensive,Yahoo Finance
Y,CAG,"ConAgra Brands, Inc. Common Stock",N, ,N,100.0,N,,CAG,CAG,N,Consumer Defensive,Yahoo Finance
Y,CALM,"Cal-Maine Foods, Inc. - Common Stock",Q,Q,N,100.0,N,N,,CALM,N,Consumer Defensive,Yahoo Finance
Y,CCEP,Coca-Cola European Partners plc Ordinary Shares,N, ,N,100.0,N,,CCEP,CCEP,N,Consumer Defensive,Yahoo Finance
Y,CCU,"Compania Cervecerias Unidas, S.A. Common Stock",N, ,N,100.0,N,,CCU,CCU,N,Consumer Defensive,Yahoo Finance
Y,CELH,"Celsius Holdings, Inc. - Common Stock",Q,S,N,100.0,N,N,,CELH,N,Consumer Defensive,Yahoo Finance
Y,CENT,Central Garden & Pet Company - Common Stock,Q,Q,N,100.0,N,N,,CENT,N,Consumer Defensive,Yahoo Finance
Y,CENTA,Central Garden & Pet Company - Class A Common Stock Nonvoting,Q,Q,N,100.0,N,N,,CENTA,N,Consumer Defensive,Yahoo Finance
Y,CHD,"Church & Dwight Company, Inc. Common Stock",N, ,N,100.0,N,,CHD,CHD,N,Consumer Defensive,Yahoo Finance
Y,CHEF,"The Chefs' Warehouse, Inc. - Common Stock",Q,Q,N,100.0,N,N,,CHEF,N,Consumer Defensive,Yahoo Finance
Y,CHGG,"Chegg, Inc. Common Stock",N, ,N,100.0,N,,CHGG,CHGG,N,Consumer Defensive,Yahoo Finance
Y,CHSCL,"CHS Inc - Class B Cumulative Redeemable Preferred Stock, Series 4",Q,Q,N,100.0,N,N,,CHSCL,N,Consumer Defensive,Yahoo Finance
Y,CHSCM,"CHS Inc - Class B Reset Rate Cumulative Redeemable Preferred Stock, Series 3",Q,Q,N,100.0,N,N,,CHSCM,N,Consumer Defensive,Yahoo Finance
Y,CHSCN,CHS Inc - Preferred Class B Series 2 Reset Rate,Q,Q,N,100.0,N,N,,CHSCN,N,Consumer Defensive,Yahoo Finance
Y,CHSCO,CHS Inc - Class B Cumulative Redeemable Preferred Stock,Q,Q,N,100.0,N,N,,CHSCO,N,Consumer Defensive,Yahoo Finance
Y,CHSCP,CHS Inc - 8%  Cumulative Redeemable Preferred Stock,Q,Q,N,100.0,N,N,,CHSCP,N,Consumer Defensive,Yahoo Finance
Y,CL,Colgate-Palmolive Company Common Stock,N, ,N,100.0,N,,CL,CL,N,Consumer Defensive,Yahoo Finance
Y,CLX,Clorox Company (The) Common Stock,N, ,N,100.0,N,,CLX,CLX,N,Consumer Defensive,Yahoo Finance
Y,COE,"China Online Education Group American depositary shares, each representing 15 Class A ordinary shares",N, ,N,100.0,N,,COE,COE,N,Consumer Defensive,Yahoo Finance
Y,COKE,"Coca-Cola Consolidated, Inc. - Common Stock",Q,Q,N,100.0,N,N,,COKE,N,Consumer Defensive,Yahoo Finance
Y,COST,Costco Wholesale Corporation - Common Stock,Q,Q,N,100.0,N,N,,COST,N,Consumer Defensive,Yahoo Finance
Y,COTY,Coty Inc. Class A Common Stock,N, ,N,100.0,N,,COTY,COTY,N,Consumer Defensive,Yahoo Finance
Y,CPB,Campbell Soup Company Common Stock,N, ,N,100.0,N,,CPB,CPB,N,Consumer Defensive,Yahoo Finance
Y,CVGW,"Calavo Growers, Inc. - Common Stock",Q,Q,N,100.0,N,N,,CVGW,N,Consumer Defensive,Yahoo Finance
Y,CYAN,Cyanotech Corporation - Common Stock,Q,S,N,100.0,N,N,,CYAN,N,Consumer Defensive,Yahoo Finance
Y,DAO,"Youdao, Inc. American Depositary Shares, each representing one Class A Ordinary Share",N, ,N,100.0,N,,DAO,DAO,N,Consumer Defensive,Yahoo Finance
Y,DAR,Darling Ingredients Inc. Common Stock,N, ,N,100.0,N,,DAR,DAR,N,Consumer Defensive,Yahoo Finance
Y,DEO,Diageo plc Common Stock,N, ,N,100.0,N,,DEO,DEO,N,Consumer Defensive,Yahoo Finance
Y,DG,Dollar General Corporation Common Stock,N, ,N,100.0,N,,DG,DG,N,Consumer Defensive,Yahoo Finance
Y,DIT,AMCON Distributing Company Common Stock,A, ,N,10.0,N,,DIT,DIT,N,Consumer Defensive,Yahoo Finance
Y,DLTR,"Dollar Tree, Inc. - Common Stock",Q,Q,N,100.0,N,N,,DLTR,N,Consumer Defensive,Yahoo Finance
Y,EDU,"New Oriental Education & Technology Group, Inc. Sponsored ADR representing 1 Ordinary Share (Cayman Islands)",N, ,N,100.0,N,,EDU,EDU,N,Consumer Defensive,Yahoo Finance
Y,EL,"Estee Lauder Companies, Inc. (The) Common Stock",N, ,N,100.0,N,,EL,EL,N,Consumer Defensive,Yahoo Finance
Y,ELF,"e.l.f. Beauty, Inc. Common Stock",N, ,N,100.0,N,,ELF,ELF,N,Consumer Defensive,Yahoo Finance
Y,EPC,Edgewell Personal Care Company Common Stock,N, ,N,100.0,N,,EPC,EPC,N,Consumer Defensive,Yahoo Finance
Y,FAMI,"Farmmi, INC. - Ordinary Shares",Q,S,N,100.0,N,D,,FAMI,N,Consumer Defensive,Yahoo Finance
Y,FARM,Farmer Brothers Company - Common Stock,Q,Q,N,100.0,N,N,,FARM,N,Consumer Defensive,Yahoo Finance
Y,FC,Franklin Covey Company Common Stock,N, ,N,100.0,N,,FC,FC,N,Consumer Defensive,Yahoo Finance
Y,FDP,"Fresh Del Monte Produce, Inc. Common Stock",N, ,N,100.0,N,,FDP,FDP,N,Consumer Defensive,Yahoo Finance
Y,FEDU,"Four Seasons Education (Cayman) Inc. American Depositary Shares, each two ADSs representing one ordinary share",N, ,N,100.0,N,,FEDU,FEDU,N,Consumer Defensive,Yahoo Finance
Y,FIZZ,National Beverage Corp. - Common Stock,Q,Q,N,100.0,N,N,,FIZZ,N,Consumer Defensive,Yahoo Finance
Y,FLO,"Flowers Foods, Inc. Common Stock",N, ,N,100.0,N,,FLO,FLO,N,Consumer Defensive,Yahoo Finance
Y,FMX,Fomento Economico Mexicano S.A.B. de C.V. Common Stock,N, ,N,100.0,N,,FMX,FMX,N,Consumer Defensive,Yahoo Finance
Y,FRPT,"Freshpet, Inc. - Common Stock",Q,G,N,100.0,N,N,,FRPT,N,Consumer Defensive,Yahoo Finance
Y,GHC,Graham Holdings Company Common Stock,N, ,N,100.0,N,,GHC,GHC,N,Consumer Defensive,Yahoo Finance
Y,GIS,"General Mills, Inc. Common Stock",N, ,N,100.0,N,,GIS,GIS,N,Consumer Defensive,Yahoo Finance
Y,GNLN,"Greenlane Holdings, Inc. - Class A Common Stock",Q,G,N,100.0,N,N,,GNLN,N,Consumer Defensive,Yahoo Finance
Y,GO,Grocery Outlet Holding Corp. - Common Stock,Q,Q,N,100.0,N,N,,GO,N,Consumer Defensive,Yahoo Finance
Y,GRAM,"Grana y Montero S.A.A. American Depositary Shares, each representing five Common Shares",N, ,N,100.0,N,,GRAM,GRAM,N,Consumer Defensive,Yahoo Finance
Y,GV,Goldfield Corporation (The) Common Stock,A, ,N,100.0,N,,GV,GV,N,Consumer Defensive,Yahoo Finance
Y,HAIN,"The Hain Celestial Group, Inc. - Common Stock",Q,Q,N,100.0,N,N,,HAIN,N,Consumer Defensive,Yahoo Finance
Y,HELE,Helen of Troy Limited - Common Stock,Q,Q,N,100.0,N,N,,HELE,N,Consumer Defensive,Yahoo Finance
Y,HFFG,HF Foods Group Inc. - Common Stock,Q,S,N,100.0,N,N,,HFFG,N,Consumer Defensive,Yahoo Finance
Y,HLF,Herbalife Nutrition Ltd. Common Stock,N, ,N,100.0,N,,HLF,HLF,N,Consumer Defensive,Yahoo Finance
Y,HRL,Hormel Foods Corporation Common Stock,N, ,N,100.0,N,,HRL,HRL,N,Consumer Defensive,Yahoo Finance
Y,HSY,The Hershey Company Common Stock,N, ,N,100.0,N,,HSY,HSY,N,Consumer Defensive,Yahoo Finance
Y,IFMK,iFresh Inc. - Common Stock,Q,S,N,100.0,N,D,,IFMK,N,Consumer Defensive,Yahoo Finance
Y,IMKTA,"Ingles Markets, Incorporated - Class A Common Stock",Q,Q,N,100.0,N,N,,IMKTA,N,Consumer Defensive,Yahoo Finance
Y,INGR,Ingredion Incorporated Common Stock,N, ,N,100.0,N,,INGR,INGR,N,Consumer Defensive,Yahoo Finance
Y,IPAR,"Inter Parfums, Inc. - Common Stock",Q,Q,N,100.0,N,N,,IPAR,N,Consumer Defensive,Yahoo Finance
Y,JBSS,"John B. Sanfilippo & Son, Inc. - Common Stock",Q,Q,N,100.0,N,N,,JBSS,N,Consumer Defensive,Yahoo Finance
Y,JJSF,J & J Snack Foods Corp. - Common Stock,Q,Q,N,100.0,N,N,,JJSF,N,Consumer Defensive,Yahoo Finance
Y,JVA,"Coffee Holding Co., Inc. - Common Stock",Q,S,N,100.0,N,N,,JVA,N,Consumer Defensive,Yahoo Finance
Y,K,Kellogg Company Common Stock,N, ,N,100.0,N,,K,K,N,Consumer Defensive,Yahoo Finance
Y,KDP,Keurig Dr Pepper Inc. Common Stock,N, ,N,100.0,N,,KDP,KDP,N,Consumer Defensive,Yahoo Finance
Y,KHC,The Kraft Heinz Company - Common Stock,Q,Q,N,100.0,N,N,,KHC,N,Consumer Defensive,Yahoo Finance
Y,KMB,Kimberly-Clark Corporation Common Stock,N, ,N,100.0,N,,KMB,KMB,N,Consumer Defensive,Yahoo Finance
Y,KO,Coca-Cola Company (The) Common Stock,N, ,N,100.0,N,,KO,KO,N,Consumer Defensive,Yahoo Finance
Y,KOF,"Coca Cola Femsa S.A.B. de C.V.  American Depositary Shares, each representing 10 Units (each Unit consists of 3 Series B Shares and 5 Series L Shares)",N, ,N,100.0,N,,KOF,KOF,N,Consumer Defensive,Yahoo Finance
Y,KR,Kroger Company (The) Common Stock,N, ,N,100.0,N,,KR,KR,N,Consumer Defensive,Yahoo Finance
Y,LAUR,"Laureate Education, Inc. - Class A Common Stock",Q,Q,N,100.0,N,N,,LAUR,N,Consumer Defensive,Yahoo Finance
Y,LFVN,Lifevantage Corporation - Common Stock,Q,S,N,100.0,N,N,,LFVN,N,Consumer Defensive,Yahoo Finance
Y,LINC,Lincoln Educational Services Corporation - Common Stock,Q,Q,N,100.0,N,N,,LINC,N,Consumer Defensive,Yahoo Finance
Y,LMNR,Limoneira Co - Common Stock,Q,Q,N,100.0,N,N,,LMNR,N,Consumer Defensive,Yahoo Finance
Y,LND,Brasilagro Brazilian Agric Real Estate Co Sponsored ADR (Brazil),N, ,N,100.0,N,,LND,LND,N,Consumer Defensive,Yahoo Finance
Y,LOPE,"Grand Canyon Education, Inc. - Common Stock",Q,Q,N,100.0,N,N,,LOPE,N,Consumer Defensive,Yahoo Finance
Y,LRN,K12 Inc Common Stock,N, ,N,100.0,N,,LRN,LRN,N,Consumer Defensive,Yahoo Finance
Y,LW,"Lamb Weston Holdings, Inc. Common Stock ",N, ,N,100.0,N,,LW,LW,N,Consumer Defensive,Yahoo Finance
Y,LWAY,"Lifeway Foods, Inc. - Common Stock",Q,G,N,100.0,N,N,,LWAY,N,Consumer Defensive,Yahoo Finance
Y,MDLZ,"Mondelez International, Inc. - Class A Common Stock",Q,Q,N,100.0,N,N,,MDLZ,N,Consumer Defensive,Yahoo Finance
Y,MGPI,"MGP Ingredients, Inc. - Common Stock",Q,Q,N,100.0,N,N,,MGPI,N,Consumer Defensive,Yahoo Finance
Y,MKC,"McCormick & Company, Incorporated Common Stock",N, ,N,100.0,N,,MKC,MKC,N,Consumer Defensive,Yahoo Finance
Y,MNST,Monster Beverage Corporation - Common Stock,Q,Q,N,100.0,N,N,,MNST,N,Consumer Defensive,Yahoo Finance
Y,MO,"Altria Group, Inc.",N, ,N,100.0,N,,MO,MO,N,Consumer Defensive,Yahoo Finance
Y,MTEX,"Mannatech, Incorporated - Common Stock",Q,Q,N,100.0,N,N,,MTEX,N,Consumer Defensive,Yahoo Finance
Y,NAII,"Natural Alternatives International, Inc. - Common Stock",Q,G,N,100.0,N,N,,NAII,N,Consumer Defensive,Yahoo Finance
Y,NATR,"Nature's Sunshine Products, Inc. - Common Stock",Q,S,N,100.0,N,N,,NATR,N,Consumer Defensive,Yahoo Finance
Y,NGVC,"Natural Grocers by Vitamin Cottage, Inc. Common Stock",N, ,N,100.0,N,,NGVC,NGVC,N,Consumer Defensive,Yahoo Finance
Y,NOMD,Nomad Foods Limited Ordinary Shares,N, ,N,100.0,N,,NOMD,NOMD,N,Consumer Defensive,Yahoo Finance
Y,NUS,"Nu Skin Enterprises, Inc. Common Stock",N, ,N,100.0,N,,NUS,NUS,N,Consumer Defensive,Yahoo Finance
Y,NWL,Newell Brands Inc. - Common Stock,Q,Q,N,100.0,N,N,,NWL,N,Consumer Defensive,Yahoo Finance
Y,OLLI,"Ollie's Bargain Outlet Holdings, Inc. - Common Stock",Q,G,N,100.0,N,N,,OLLI,N,Consumer Defensive,Yahoo Finance
Y,PEP,"PepsiCo, Inc. - Common Stock",Q,Q,N,100.0,N,N,,PEP,N,Consumer Defensive,Yahoo Finance
Y,PFGC,Performance Food Group Company Common Stock,N, ,N,100.0,N,,PFGC,PFGC,N,Consumer Defensive,Yahoo Finance
Y,PG,Procter & Gamble Company (The) Common Stock,N, ,N,100.0,N,,PG,PG,N,Consumer Defensive,Yahoo Finance
Y,PM,Philip Morris International Inc Common Stock,N, ,N,100.0,N,,PM,PM,N,Consumer Defensive,Yahoo Finance
Y,POST,"Post Holdings, Inc. Common Stock",N, ,N,100.0,N,,POST,POST,N,Consumer Defensive,Yahoo Finance
Y,PPC,Pilgrim's Pride Corporation - Common Stock,Q,Q,N,100.0,N,N,,PPC,N,Consumer Defensive,Yahoo Finance
Y,PRDO,Perdoceo Education Corporation - Common Stock,Q,Q,N,100.0,N,N,,PRDO,N,Consumer Defensive,Yahoo Finance
Y,PSMT,"PriceSmart, Inc. - Common Stock",Q,Q,N,100.0,N,N,,PSMT,N,Consumer Defensive,Yahoo Finance
Y,REED,"Reeds, Inc. - Common Stock",Q,S,N,100.0,N,N,,REED,N,Consumer Defensive,Yahoo Finance
Y,RELV,"Reliv' International, Inc. - Common Stock",Q,S,N,100.0,N,N,,RELV,N,Consumer Defensive,Yahoo Finance
Y,RIBT,RiceBran Technologies - Common Stock,Q,S,N,100.0,N,N,,RIBT,N,Consumer Defensive,Yahoo Finance
Y,RKDA,"Arcadia Biosciences, Inc. - Common Stock",Q,S,N,100.0,N,N,,RKDA,N,Consumer Defensive,Yahoo Finance
Y,RMCF,"Rocky Mountain Chocolate Factory, Inc. - Common Stock",Q,G,N,100.0,N,N,,RMCF,N,Consumer Defensive,Yahoo Finance
Y,SAM,"Boston Beer Company, Inc. (The) Common Stock",N, ,N,100.0,N,,SAM,SAM,N,Consumer Defensive,Yahoo Finance
Y,SENEA,Seneca Foods Corp. - Class A Common Stock,Q,Q,N,100.0,N,N,,SENEA,N,Consumer Defensive,Yahoo Finance
Y,SENEB,Seneca Foods Corp. - Class B Common Stock,Q,Q,N,100.0,N,N,,SENEB,N,Consumer Defensive,Yahoo Finance
Y,SFM,"Sprouts Farmers Market, Inc. - Common Stock",Q,Q,N,100.0,N,N,,SFM,N,Consumer Defensive,Yahoo Finance
Y,SJM,J.M. Smucker Company (The) New Common Stock,N, ,N,100.0,N,,SJM,SJM,N,Consumer Defensive,Yahoo Finance
Y,SMPL,The Simply Good Foods Company - Common Stock,Q,S,N,100.0,N,N,,SMPL,N,Consumer Defensive,Yahoo Finance
Y,SNDL,Sundial Growers Inc. - Common Shares,Q,Q,N,100.0,N,N,,SNDL,N,Consumer Defensive,Yahoo Finance
Y,SPB,"Spectrum Brands Holdings, Inc. Common Stock",N, ,N,100.0,N,,SPB,SPB,N,Consumer Defensive,Yahoo Finance
Y,SPTN,SpartanNash Company - Common Stock,Q,Q,N,100.0,N,N,,SPTN,N,Consumer Defensive,Yahoo Finance
Y,STG,"Sunlands Technology Group American Depositary Shares, representing Class A ordinary shares",N, ,N,100.0,N,,STG,STG,N,Consumer Defensive,Yahoo Finance
Y,STKL,"SunOpta, Inc. - Common Stock",Q,Q,N,100.0,N,N,,STKL,N,Consumer Defensive,Yahoo Finance
Y,STRA,"Strategic Education, Inc. - Common Stock",Q,Q,N,100.0,N,N,,STRA,N,Consumer Defensive,Yahoo Finance
Y,STZ,"Constellation Brands, Inc. Common Stock",N, ,N,100.0,N,,STZ,STZ,N,Consumer Defensive,Yahoo Finance
Y,SYY,Sysco Corporation Common Stock,N, ,N,100.0,N,,SYY,SYY,N,Consumer Defensive,Yahoo Finance
Y,TAL,TAL Education Group American Depositary Shares,N, ,N,100.0,N,,TAL,TAL,N,Consumer Defensive,Yahoo Finance
Y,TANH,Tantech Holdings Ltd. - Common Stock,Q,S,N,100.0,N,N,,TANH,N,Consumer Defensive,Yahoo Finance
Y,TAP,Molson Coors Beverage Company Class B Common Stock,N, ,N,100.0,N,,TAP,TAP,N,Consumer Defensive,Yahoo Finance
Y,TGT,Target Corporation Common Stock,N, ,N,100.0,N,,TGT,TGT,N,Consumer Defensive,Yahoo Finance
Y,THS,"Treehouse Foods, Inc. Common Stock",N, ,N,100.0,N,,THS,THS,N,Consumer Defensive,Yahoo Finance
Y,TPB,"Turning Point Brands, Inc. Common Stock",N, ,N,100.0,N,,TPB,TPB,N,Consumer Defensive,Yahoo Finance
Y,TR,"Tootsie Roll Industries, Inc. Common Stock",N, ,N,100.0,N,,TR,TR,N,Consumer Defensive,Yahoo Finance
Y,TSN,"Tyson Foods, Inc. Common Stock",N, ,N,100.0,N,,TSN,TSN,N,Consumer Defensive,Yahoo Finance
Y,UG,"United-Guardian, Inc. - Common Stock",Q,G,N,100.0,N,N,,UG,N,Consumer Defensive,Yahoo Finance
Y,UL,Unilever PLC Common Stock,N, ,N,100.0,N,,UL,UL,N,Consumer Defensive,Yahoo Finance
Y,UNFI,"United Natural Foods, Inc. Common Stock",N, ,N,100.0,N,,UNFI,UNFI,N,Consumer Defensive,Yahoo Finance
Y,USFD,US Foods Holding Corp. Common Stock,N, ,N,100.0,N,,USFD,USFD,N,Consumer Defensive,Yahoo Finance
Y,USNA,"USANA Health Sciences, Inc. Common Stock",N, ,N,100.0,N,,USNA,USNA,N,Consumer Defensive,Yahoo Finance
Y,UTI,Universal Technical Institute Inc Common Stock,N, ,N,100.0,N,,UTI,UTI,N,Consumer Defensive,Yahoo Finance
Y,UVV,Universal Corporation Common Stock,N, ,N,100.0,N,,UVV,UVV,N,Consumer Defensive,Yahoo Finance
Y,VFF,"Village Farms International, Inc. - Common Shares",Q,S,N,100.0,N,N,,VFF,N,Consumer Defensive,Yahoo Finance
Y,VLGEA,"Village Super Market, Inc. - Class A Common Stock",Q,Q,N,100.0,N,N,,VLGEA,N,Consumer Defensive,Yahoo Finance
Y,WAFU,Wah Fu Education Group Limited - Ordinary Shares,Q,S,N,100.0,N,N,,WAFU,N,Consumer Defensive,Yahoo Finance
Y,WILC,"G. Willi-Food International,  Ltd. - Ordinary Shares",Q,S,N,100.0,N,N,,WILC,N,Consumer Defensive,Yahoo Finance
Y,WMK,"Weis Markets, Inc. Common Stock",N, ,N,100.0,N,,WMK,WMK,N,Consumer Defensive,Yahoo Finance
Y,WMT,Walmart Inc. Common Stock,N, ,N,100.0,N,,WMT,WMT,N,Consumer Defensive,Yahoo Finance
Y,WTER,The Alkaline Water Company Inc. - Common Stock,Q,S,N,100.0,N,N,,WTER,N,Consumer Defensive,Yahoo Finance
Y,WVVI,"Willamette Valley Vineyards, Inc. - Common Stock",Q,S,N,100.0,N,N,,WVVI,N,Consumer Defensive,Yahoo Finance
Y,WVVIP,"Willamette Valley Vineyards, Inc. - Series A Redeemable Preferred Stock",Q,S,N,100.0,N,N,,WVVIP,N,Consumer Defensive,Yahoo Finance
Y,XXII,"22nd Century Group, Inc. Common Stock",A, ,N,100.0,N,,XXII,XXII,N,Consumer Defensive,Yahoo Finance
