Nasdaq Traded,Symbol,Security Name,Listing Exchange,Market Category,ETF,Round Lot Size,Test Issue,Financial Status,CQS Symbol,NASDAQ Symbol,NextShares,Industry,Source
Y,AAT,"American Assets Trust, Inc. Common Stock",N, ,N,100.0,N,,AAT,AAT,N,Real Estate,Yahoo Finance
Y,ABR,Arbor Realty Trust Common Stock,N, ,N,100.0,N,,ABR,ABR,N,Real Estate,Yahoo Finance
Y,ACRE,Ares Commercial Real Estate Corporation Common Stock,N, ,N,100.0,N,,ACRE,ACRE,N,Real Estate,Yahoo Finance
Y,ADC,Agree Realty Corporation Common Stock,N, ,N,100.0,N,,ADC,ADC,N,Real Estate,Yahoo Finance
Y,AGNC,AGNC Investment Corp. - Common Stock,Q,Q,N,100.0,N,N,,AGNC,N,Real Estate,Yahoo Finance
Y,AGNCM,AGNC Investment Corp. - Depositary Shares rep 6.875% Series D Fixed-to-Floating Cumulative Redeemable Preferred Stock,Q,Q,N,100.0,N,N,,AGNCM,N,Real Estate,Yahoo Finance
Y,AGNCN,"AGNC Investment Corp. - Depositary Shares Each Representing a 1/1,000th Interest in a Share of 7.00% Series C Fixed-To-Floating Rate Cumulative Redeemable Preferred Stock",Q,Q,N,100.0,N,N,,AGNCN,N,Real Estate,Yahoo Finance
Y,AGNCO,"AGNC Investment Corp. - Depositary Shares, each representing a 1/1,000th interest in a share of Series E Fixed-to-Floating Cumulative Redeemable Preferred Stock",Q,Q,N,100.0,N,N,,AGNCO,N,Real Estate,Yahoo Finance
Y,AGNCP,"AGNC Investment Corp. - Depositary Shares Each Representing a 1/1,000th Interest in a Share of 6.125% Series F Fixed-to-Floating Rate Cumulative Redeemable Preferred Stock",Q,Q,N,100.0,N,N,,AGNCP,N,Real Estate,Yahoo Finance
Y,AHH,"Armada Hoffler Properties, Inc. Common Stock",N, ,N,100.0,N,,AHH,AHH,N,Real Estate,Yahoo Finance
Y,AHT,Ashford Hospitality Trust Inc Common Stock,N, ,N,100.0,N,,AHT,AHT,N,Real Estate,Yahoo Finance
Y,AIV,Apartment Investment and Management Company Common Stock,N, ,N,100.0,N,,AIV,AIV,N,Real Estate,Yahoo Finance
Y,AKR,Acadia Realty Trust Common Stock,N, ,N,100.0,N,,AKR,AKR,N,Real Estate,Yahoo Finance
Y,ALEX,"Alexander & Baldwin, Inc. Common Stock REIT Holding Company",N, ,N,100.0,N,,ALEX,ALEX,N,Real Estate,Yahoo Finance
Y,ALX,"Alexander's, Inc. Common Stock",N, ,N,100.0,N,,ALX,ALX,N,Real Estate,Yahoo Finance
Y,AMH,American Homes 4 Rent Common Shares of Beneficial Interest,N, ,N,100.0,N,,AMH,AMH,N,Real Estate,Yahoo Finance
Y,AMT,American Tower Corporation (REIT) Common Stock,N, ,N,100.0,N,,AMT,AMT,N,Real Estate,Yahoo Finance
Y,APLE,"Apple Hospitality REIT, Inc. Common Shares",N, ,N,100.0,N,,APLE,APLE,N,Real Estate,Yahoo Finance
Y,ARE,"Alexandria Real Estate Equities, Inc. Common Stock",N, ,N,100.0,N,,ARE,ARE,N,Real Estate,Yahoo Finance
Y,ARI,"Apollo Commercial Real Estate Finance, Inc",N, ,N,100.0,N,,ARI,ARI,N,Real Estate,Yahoo Finance
Y,ARL,"American Realty Investors, Inc. Common Stock",N, ,N,100.0,N,,ARL,ARL,N,Real Estate,Yahoo Finance
Y,ARR,"ARMOUR Residential REIT, Inc.",N, ,N,100.0,N,,ARR,ARR,N,Real Estate,Yahoo Finance
Y,ASPS,Altisource Portfolio Solutions S.A. - Common Stock,Q,Q,N,100.0,N,N,,ASPS,N,Real Estate,Yahoo Finance
Y,AVB,"AvalonBay Communities, Inc. Common Stock",N, ,N,100.0,N,,AVB,AVB,N,Real Estate,Yahoo Finance
Y,AXR,AMREP Corporation Common Stock,N, ,N,100.0,N,,AXR,AXR,N,Real Estate,Yahoo Finance
Y,BDN,Brandywine Realty Trust Common Stock,N, ,N,100.0,N,,BDN,BDN,N,Real Estate,Yahoo Finance
Y,BFS,"Saul Centers, Inc. Common Stock",N, ,N,100.0,N,,BFS,BFS,N,Real Estate,Yahoo Finance
Y,BHR,Braemar Hotels & Resorts Inc. Common Stock,N, ,N,100.0,N,,BHR,BHR,N,Real Estate,Yahoo Finance
Y,BPYPN,"Brookfield Property Partners L.P. - 5.750% Class A Cumulative Redeemable Perpetual Preferred Units, Series 3",Q,Q,N,100.0,N,N,,BPYPN,N,Real Estate,Yahoo Finance
Y,BPYPO,"Brookfield Property Partners L.P. - 6.375% Class A Cumulative Redeemable Perpetual Preferred Units, Series 2",Q,Q,N,100.0,N,N,,BPYPO,N,Real Estate,Yahoo Finance
Y,BPYPP,Brookfield Property Partners L.P. - 6.50% Class A Cumulative Redeemable Perpetual Preferred Units,Q,Q,N,100.0,N,N,,BPYPP,N,Real Estate,Yahoo Finance
Y,BRT,BRT Apartments Corp. (MD) Common Stock,N, ,N,100.0,N,,BRT,BRT,N,Real Estate,Yahoo Finance
Y,BRX,Brixmor Property Group Inc. Common Stock,N, ,N,100.0,N,,BRX,BRX,N,Real Estate,Yahoo Finance
Y,BXMT,"Blackstone Mortgage Trust, Inc. Common Stock",N, ,N,100.0,N,,BXMT,BXMT,N,Real Estate,Yahoo Finance
Y,BXP,"Boston Properties, Inc. Common Stock",N, ,N,100.0,N,,BXP,BXP,N,Real Estate,Yahoo Finance
Y,CBL,"CBL & Associates Properties, Inc. Common Stock",N, ,N,100.0,N,,CBL,CBL,N,Real Estate,Yahoo Finance
Y,CBRE,CBRE Group Inc Common Stock Class A,N, ,N,100.0,N,,CBRE,CBRE,N,Real Estate,Yahoo Finance
Y,CCI,Crown Castle International Corp. (REIT) Common Stock,N, ,N,100.0,N,,CCI,CCI,N,Real Estate,Yahoo Finance
Y,CCS,"Century Communities, Inc. Common Stock",N, ,N,100.0,N,,CCS,CCS,N,Real Estate,Yahoo Finance
Y,CHCI,"Comstock Holding Companies, Inc. - Class A Common Stock",Q,S,N,100.0,N,N,,CHCI,N,Real Estate,Yahoo Finance
Y,CHCT,Community Healthcare Trust Incorporated Common Stock,N, ,N,100.0,N,,CHCT,CHCT,N,Real Estate,Yahoo Finance
Y,CHMI,Cherry Hill Mortgage Investment Corporation Common Stock,N, ,N,100.0,N,,CHMI,CHMI,N,Real Estate,Yahoo Finance
Y,CIGI,Colliers International Group Inc.  - Subordinate Voting Shares,Q,Q,N,100.0,N,N,,CIGI,N,Real Estate,Yahoo Finance
Y,CIM,Chimera Investment Corporation Common Stock,N, ,N,100.0,N,,CIM,CIM,N,Real Estate,Yahoo Finance
Y,CIO,"City Office REIT, Inc. Common Stock",N, ,N,100.0,N,,CIO,CIO,N,Real Estate,Yahoo Finance
Y,CLDT,Chatham Lodging Trust (REIT) Common Shares of Beneficial Interest,N, ,N,100.0,N,,CLDT,CLDT,N,Real Estate,Yahoo Finance
Y,CLPR,Clipper Realty Inc. Common Stock,N, ,N,100.0,N,,CLPR,CLPR,N,Real Estate,Yahoo Finance
Y,CMCT,CIM Commercial Trust Corporation - Common Stock,Q,G,N,100.0,N,N,,CMCT,N,Real Estate,Yahoo Finance
Y,COLD,Americold Realty Trust Common Shares,N, ,N,100.0,N,,COLD,COLD,N,Real Estate,Yahoo Finance
Y,CPT,Camden Property Trust Common Stock,N, ,N,100.0,N,,CPT,CPT,N,Real Estate,Yahoo Finance
Y,CSGP,"CoStar Group, Inc. - Common Stock",Q,Q,N,100.0,N,N,,CSGP,N,Real Estate,Yahoo Finance
Y,CTO,Consolidated-Tomoka Land Co. Common Stock ,A, ,N,100.0,N,,CTO,CTO,N,Real Estate,Yahoo Finance
Y,CTRE,"CareTrust REIT, Inc. - Common Stock",Q,Q,N,100.0,N,N,,CTRE,N,Real Estate,Yahoo Finance
Y,CUBE,CubeSmart Common Shares,N, ,N,100.0,N,,CUBE,CUBE,N,Real Estate,Yahoo Finance
Y,CUZ,Cousins Properties Incorporated Common Stock,N, ,N,100.0,N,,CUZ,CUZ,N,Real Estate,Yahoo Finance
Y,CWK,Cushman & Wakefield plc Ordinary Shares,N, ,N,100.0,N,,CWK,CWK,N,Real Estate,Yahoo Finance
Y,DEA,"Easterly Government Properties, Inc. Common Stock",N, ,N,100.0,N,,DEA,DEA,N,Real Estate,Yahoo Finance
Y,DEI,"Douglas Emmett, Inc. Common Stock",N, ,N,100.0,N,,DEI,DEI,N,Real Estate,Yahoo Finance
Y,DHC,Diversified Healthcare Trust  - Common Shares of Beneficial Interest,Q,Q,N,100.0,N,N,,DHC,N,Real Estate,Yahoo Finance
Y,DLR,"Digital Realty Trust, Inc. Common Stock",N, ,N,100.0,N,,DLR,DLR,N,Real Estate,Yahoo Finance
Y,DOC,Physicians Realty Trust Common Shares of Beneficial Interest,N, ,N,100.0,N,,DOC,DOC,N,Real Estate,Yahoo Finance
Y,DRH,Diamondrock Hospitality Company Common Stock,N, ,N,100.0,N,,DRH,DRH,N,Real Estate,Yahoo Finance
Y,DUO,Fangdd Network Group Ltd. - American Depositary Shares,Q,G,N,100.0,N,N,,DUO,N,Real Estate,Yahoo Finance
Y,DX,"Dynex Capital, Inc. Common Stock",N, ,N,100.0,N,,DX,DX,N,Real Estate,Yahoo Finance
Y,EFC,Ellington Financial Inc. Common Stock ,N, ,N,100.0,N,,EFC,EFC,N,Real Estate,Yahoo Finance
Y,EGP,"EastGroup Properties, Inc. Common Stock",N, ,N,100.0,N,,EGP,EGP,N,Real Estate,Yahoo Finance
Y,ELS,"Equity Lifestyle Properties, Inc. Common Stock",N, ,N,100.0,N,,ELS,ELS,N,Real Estate,Yahoo Finance
Y,EPR,EPR Properties Common Stock,N, ,N,100.0,N,,EPR,EPR,N,Real Estate,Yahoo Finance
Y,EPRT,"Essential Properties Realty Trust, Inc. Common Stock",N, ,N,100.0,N,,EPRT,EPRT,N,Real Estate,Yahoo Finance
Y,EQIX,"Equinix, Inc. - Common Stock",Q,Q,N,100.0,N,N,,EQIX,N,Real Estate,Yahoo Finance
Y,EQR,Equity Residential Common Shares of Beneficial Interest,N, ,N,100.0,N,,EQR,EQR,N,Real Estate,Yahoo Finance
Y,ESBA,"Empire State Realty OP, L.P. Series ES Operating Partnership Units Representing Limited Partnership Interests",P, ,N,100.0,N,,ESBA,ESBA,N,Real Estate,Yahoo Finance
Y,ESRT,"Empire State Realty Trust, Inc. Class A Common Stock",N, ,N,100.0,N,,ESRT,ESRT,N,Real Estate,Yahoo Finance
Y,ESS,"Essex Property Trust, Inc. Common Stock",N, ,N,100.0,N,,ESS,ESS,N,Real Estate,Yahoo Finance
Y,EXPI,"eXp World Holdings, Inc. - Common Stock",Q,G,N,100.0,N,N,,EXPI,N,Real Estate,Yahoo Finance
Y,EXR,Extra Space Storage Inc Common Stock,N, ,N,100.0,N,,EXR,EXR,N,Real Estate,Yahoo Finance
Y,FCPT,"Four Corners Property Trust, Inc. Common Stock",N, ,N,100.0,N,,FCPT,FCPT,N,Real Estate,Yahoo Finance
Y,FISK,"Empire State Realty OP, L.P. Series 250 Operating Partnership Units Representing Limited Partnership Interests",P, ,N,100.0,N,,FISK,FISK,N,Real Estate,Yahoo Finance
Y,FOR,Forestar Group Inc Common Stock ,N, ,N,100.0,N,,FOR,FOR,N,Real Estate,Yahoo Finance
Y,FPH,"Five Point Holdings, LLC Class A Common Shares",N, ,N,100.0,N,,FPH,FPH,N,Real Estate,Yahoo Finance
Y,FPI,Farmland Partners Inc. Common Stock,N, ,N,100.0,N,,FPI,FPI,N,Real Estate,Yahoo Finance
Y,FR,"First Industrial Realty Trust, Inc. Common Stock",N, ,N,100.0,N,,FR,FR,N,Real Estate,Yahoo Finance
Y,FRPH,"FRP Holdings, Inc. - Common Stock",Q,Q,N,100.0,N,N,,FRPH,N,Real Estate,Yahoo Finance
Y,FRT,Federal Realty Investment Trust Common Stock,N, ,N,100.0,N,,FRT,FRT,N,Real Estate,Yahoo Finance
Y,FSP,Franklin Street Properties Corp. Common Stock,A, ,N,100.0,N,,FSP,FSP,N,Real Estate,Yahoo Finance
Y,FSV,FirstService Corporation - Common Shares,Q,Q,N,100.0,N,N,,FSV,N,Real Estate,Yahoo Finance
Y,GBR,"New Concept Energy, Inc Common Stock",A, ,N,100.0,N,,GBR,GBR,N,Real Estate,Yahoo Finance
Y,GLPI,"Gaming and Leisure Properties, Inc. - Common Stock",Q,Q,N,100.0,N,N,,GLPI,N,Real Estate,Yahoo Finance
Y,GMRE,Global Medical REIT Inc. Common Stock,N, ,N,100.0,N,,GMRE,GMRE,N,Real Estate,Yahoo Finance
Y,GNL,"Global Net Lease, Inc. Common Stock",N, ,N,100.0,N,,GNL,GNL,N,Real Estate,Yahoo Finance
Y,GOOD,Gladstone Commercial Corporation - Real Estate Investment Trust,Q,Q,N,100.0,N,N,,GOOD,N,Real Estate,Yahoo Finance
Y,GOODN,Gladstone Commercial Corporation - 6.625% Series E Cumulative Redeemable Preferred Stock,Q,Q,N,100.0,N,N,,GOODN,N,Real Estate,Yahoo Finance
Y,GPMT,Granite Point Mortgage Trust Inc. Common Stock,N, ,N,100.0,N,,GPMT,GPMT,N,Real Estate,Yahoo Finance
Y,GTY,Getty Realty Corporation Common Stock,N, ,N,100.0,N,,GTY,GTY,N,Real Estate,Yahoo Finance
Y,GYRO,"Gyrodyne , LLC - Common Stock",Q,S,N,100.0,N,N,,GYRO,N,Real Estate,Yahoo Finance
Y,HIW,"Highwoods Properties, Inc. Common Stock",N, ,N,100.0,N,,HIW,HIW,N,Real Estate,Yahoo Finance
Y,HPP,"Hudson Pacific Properties, Inc. Common Stock",N, ,N,100.0,N,,HPP,HPP,N,Real Estate,Yahoo Finance
Y,HR,Healthcare Realty Trust Incorporated Common Stock,N, ,N,100.0,N,,HR,HR,N,Real Estate,Yahoo Finance
Y,HST,"Host Hotels & Resorts, Inc. Common Stock",N, ,N,100.0,N,,HST,HST,N,Real Estate,Yahoo Finance
Y,IHT,InnSuites Hospitality Trust Shares of Beneficial Interest,A, ,N,100.0,N,,IHT,IHT,N,Real Estate,Yahoo Finance
Y,IIPR,"Innovative Industrial Properties, Inc. Common Stock",N, ,N,100.0,N,,IIPR,IIPR,N,Real Estate,Yahoo Finance
Y,ILPT,Industrial Logistics Properties Trust - Common Shares of Beneficial Interest,Q,Q,N,100.0,N,N,,ILPT,N,Real Estate,Yahoo Finance
Y,INN,"Summit Hotel Properties, Inc. Common Stock",N, ,N,100.0,N,,INN,INN,N,Real Estate,Yahoo Finance
Y,INVH,Invitation Homes Inc. Common Stock,N, ,N,100.0,N,,INVH,INVH,N,Real Estate,Yahoo Finance
Y,IRM,Iron Mountain Incorporated (Delaware)Common Stock REIT,N, ,N,100.0,N,,IRM,IRM,N,Real Estate,Yahoo Finance
Y,IRS,IRSA Inversiones Y Representaciones S.A. Common Stock,N, ,N,100.0,N,,IRS,IRS,N,Real Estate,Yahoo Finance
Y,IRT,"Independence Realty Trust, Inc. Common Stock",N, ,N,100.0,N,,IRT,IRT,N,Real Estate,Yahoo Finance
Y,IVR,INVESCO MORTGAGE CAPITAL INC Common Stock,N, ,N,100.0,N,,IVR,IVR,N,Real Estate,Yahoo Finance
Y,JBGS,JBG SMITH Properties Common Shares ,N, ,N,100.0,N,,JBGS,JBGS,N,Real Estate,Yahoo Finance
Y,JLL,Jones Lang LaSalle Incorporated Common Stock,N, ,N,100.0,N,,JLL,JLL,N,Real Estate,Yahoo Finance
Y,JOE,St. Joe Company (The) Common Stock,N, ,N,100.0,N,,JOE,JOE,N,Real Estate,Yahoo Finance
Y,KIM,Kimco Realty Corporation Common Stock,N, ,N,100.0,N,,KIM,KIM,N,Real Estate,Yahoo Finance
Y,KRC,Kilroy Realty Corporation Common Stock,N, ,N,100.0,N,,KRC,KRC,N,Real Estate,Yahoo Finance
Y,KREF,KKR Real Estate Finance Trust Inc. Common Stock,N, ,N,100.0,N,,KREF,KREF,N,Real Estate,Yahoo Finance
Y,KRG,Kite Realty Group Trust Common Stock,N, ,N,100.0,N,,KRG,KRG,N,Real Estate,Yahoo Finance
Y,KW,Kennedy-Wilson Holdings Inc. Common Stock,N, ,N,100.0,N,,KW,KW,N,Real Estate,Yahoo Finance
Y,LADR,Ladder Capital Corp Class A Common Stock,N, ,N,100.0,N,,LADR,LADR,N,Real Estate,Yahoo Finance
Y,LAMR,Lamar Advertising Company - Class A Common Stock,Q,Q,N,100.0,N,N,,LAMR,N,Real Estate,Yahoo Finance
Y,LAND,Gladstone Land Corporation - Common Stock,Q,G,N,100.0,N,N,,LAND,N,Real Estate,Yahoo Finance
Y,LANDP,Gladstone Land Corporation - 6.375% Series A Cumulative Term Preferred Stock,Q,G,N,100.0,N,N,,LANDP,N,Real Estate,Yahoo Finance
Y,LOAN,"Manhattan Bridge Capital, Inc - Common Stock",Q,S,N,100.0,N,N,,LOAN,N,Real Estate,Yahoo Finance
Y,LTC,"LTC Properties, Inc. Common Stock",N, ,N,100.0,N,,LTC,LTC,N,Real Estate,Yahoo Finance
Y,LXP,Lexington Realty Trust Common Stock,N, ,N,100.0,N,,LXP,LXP,N,Real Estate,Yahoo Finance
Y,MAA,"Mid-America Apartment Communities, Inc. Common Stock",N, ,N,100.0,N,,MAA,MAA,N,Real Estate,Yahoo Finance
Y,MAC,Macerich Company (The) Common Stock,N, ,N,100.0,N,,MAC,MAC,N,Real Estate,Yahoo Finance
Y,MAYS,"J. W. Mays, Inc. - Common Stock",Q,S,N,100.0,N,N,,MAYS,N,Real Estate,Yahoo Finance
Y,MDRR,"Medalist Diversified REIT, Inc. - Common Stock",Q,S,N,100.0,N,N,,MDRR,N,Real Estate,Yahoo Finance
Y,MFA,"MFA Financial, Inc.",N, ,N,100.0,N,,MFA,MFA,N,Real Estate,Yahoo Finance
Y,MITT,"AG Mortgage Investment Trust, Inc. Common Stock",N, ,N,100.0,N,,MITT,MITT,N,Real Estate,Yahoo Finance
Y,MLP,"Maui Land & Pineapple Company, Inc. Common Stock",N, ,N,100.0,N,,MLP,MLP,N,Real Estate,Yahoo Finance
Y,MMI,"Marcus & Millichap, Inc. Common Stock",N, ,N,100.0,N,,MMI,MMI,N,Real Estate,Yahoo Finance
Y,MPW,"Medical Properties Trust, Inc. common stock",N, ,N,100.0,N,,MPW,MPW,N,Real Estate,Yahoo Finance
Y,NEN,New England Realty Associates Limited Partnership Class A Depositary Receipts Evidencing Units of Limited Partnership,A, ,N,100.0,N,,NEN,NEN,N,Real Estate,Yahoo Finance
Y,NHI,"National Health Investors, Inc. Common Stock",N, ,N,100.0,N,,NHI,NHI,N,Real Estate,Yahoo Finance
Y,NLY,Annaly Capital Management Inc Common Stock,N, ,N,100.0,N,,NLY,NLY,N,Real Estate,Yahoo Finance
Y,NMRK,"Newmark Group, Inc. - Class A Common Stock",Q,Q,N,100.0,N,N,,NMRK,N,Real Estate,Yahoo Finance
Y,NNN,National Retail Properties Common Stock,N, ,N,100.0,N,,NNN,NNN,N,Real Estate,Yahoo Finance
Y,NREF,"NexPoint Real Estate Finance, Inc. Common Stock",N, ,N,100.0,N,,NREF,NREF,N,Real Estate,Yahoo Finance
Y,NSA,National Storage Affiliates Trust Common Shares of Beneficial Interest,N, ,N,100.0,N,,NSA,NSA,N,Real Estate,Yahoo Finance
Y,NXRT,"NexPoint Residential Trust, Inc. Common Stock",N, ,N,100.0,N,,NXRT,NXRT,N,Real Estate,Yahoo Finance
Y,NYMT,"New York Mortgage Trust, Inc. - Common Stock",Q,Q,N,100.0,N,N,,NYMT,N,Real Estate,Yahoo Finance
Y,NYMTM,"New York Mortgage Trust, Inc. - 7.875% Series E Fixed-to-Floating Rate Cumulative Redeemable Preferred Stock",Q,Q,N,100.0,N,N,,NYMTM,N,Real Estate,Yahoo Finance
Y,NYMTN,"New York Mortgage Trust, Inc. - 8.00% Series D Fixed-to-Floating Rate Cumulative Redeemable Preferred Stock",Q,Q,N,100.0,N,N,,NYMTN,N,Real Estate,Yahoo Finance
Y,O,Realty Income Corporation Common Stock,N, ,N,100.0,N,,O,O,N,Real Estate,Yahoo Finance
Y,OGCP,"Empire State Realty OP, L.P. Series 60 Operating Partnership Units Representing Limited Partnership Interests",P, ,N,100.0,N,,OGCP,OGCP,N,Real Estate,Yahoo Finance
Y,OHI,"Omega Healthcare Investors, Inc. Common Stock",N, ,N,100.0,N,,OHI,OHI,N,Real Estate,Yahoo Finance
Y,OLP,"One Liberty Properties, Inc. Common Stock",N, ,N,100.0,N,,OLP,OLP,N,Real Estate,Yahoo Finance
Y,OPI,Office Properties Income Trust - Common Shares of Beneficial Interest,Q,Q,N,100.0,N,N,,OPI,N,Real Estate,Yahoo Finance
Y,ORC,"Orchid Island Capital, Inc. Common Stock",N, ,N,100.0,N,,ORC,ORC,N,Real Estate,Yahoo Finance
Y,OUT,OUTFRONT Media Inc. Common Stock,N, ,N,100.0,N,,OUT,OUT,N,Real Estate,Yahoo Finance
Y,PCH,PotlatchDeltic Corporation - Common Stock,Q,Q,N,100.0,N,N,,PCH,N,Real Estate,Yahoo Finance
Y,PDM,"Piedmont Office Realty Trust, Inc. Class A Common Stock",N, ,N,100.0,N,,PDM,PDM,N,Real Estate,Yahoo Finance
Y,PEB,Pebblebrook Hotel Trust Common Shares of Beneficial Interest,N, ,N,100.0,N,,PEB,PEB,N,Real Estate,Yahoo Finance
Y,PGRE,"Paramount Group, Inc. Common Stock",N, ,N,100.0,N,,PGRE,PGRE,N,Real Estate,Yahoo Finance
Y,PINE,"Alpine Income Property Trust, Inc. Common Stock",N, ,N,100.0,N,,PINE,PINE,N,Real Estate,Yahoo Finance
Y,PK,Park Hotels & Resorts Inc. Common Stock ,N, ,N,100.0,N,,PK,PK,N,Real Estate,Yahoo Finance
Y,PLD,"Prologis, Inc. Common Stock",N, ,N,100.0,N,,PLD,PLD,N,Real Estate,Yahoo Finance
Y,PLYM,"Plymouth Industrial REIT, Inc. Common Stock",N, ,N,100.0,N,,PLYM,PLYM,N,Real Estate,Yahoo Finance
Y,PMT,PennyMac Mortgage Investment Trust Common Shares of Beneficial Interest,N, ,N,100.0,N,,PMT,PMT,N,Real Estate,Yahoo Finance
Y,PSA,Public Storage Common Stock,N, ,N,100.0,N,,PSA,PSA,N,Real Estate,Yahoo Finance
Y,PSTL,"Postal Realty Trust, Inc. Class A Common Stock",N, ,N,100.0,N,,PSTL,PSTL,N,Real Estate,Yahoo Finance
Y,PW,Power REIT (MD) Common Stock,A, ,N,100.0,N,,PW,PW,N,Real Estate,Yahoo Finance
Y,RC,Ready Capital Corproation Common Stock,N, ,N,100.0,N,,RC,RC,N,Real Estate,Yahoo Finance
Y,REG,Regency Centers Corporation - Common Stock,Q,Q,N,100.0,N,N,,REG,N,Real Estate,Yahoo Finance
Y,REXR,"Rexford Industrial Realty, Inc. Common Stock",N, ,N,100.0,N,,REXR,REXR,N,Real Estate,Yahoo Finance
Y,RFL,"Rafael Holdings, Inc. Class B Common Stock",N, ,N,100.0,N,,RFL,RFL,N,Real Estate,Yahoo Finance
Y,RHP,"Ryman Hospitality Properties, Inc. (REIT)",N, ,N,100.0,N,,RHP,RHP,N,Real Estate,Yahoo Finance
Y,RLJ,RLJ Lodging Trust Common Shares of Beneficial Interest $0.01 par value,N, ,N,100.0,N,,RLJ,RLJ,N,Real Estate,Yahoo Finance
Y,RMAX,"RE/MAX Holdings, Inc. Class A Common Stock",N, ,N,100.0,N,,RMAX,RMAX,N,Real Estate,Yahoo Finance
Y,RMR,The RMR Group Inc. - Class A Common Stock,Q,S,N,100.0,N,N,,RMR,N,Real Estate,Yahoo Finance
Y,RPT,RPT Realty Common Stock,N, ,N,100.0,N,,RPT,RPT,N,Real Estate,Yahoo Finance
Y,RWT,"Redwood Trust, Inc. Common Stock",N, ,N,100.0,N,,RWT,RWT,N,Real Estate,Yahoo Finance
Y,RYN,Rayonier Inc. REIT Common Stock,N, ,N,100.0,N,,RYN,RYN,N,Real Estate,Yahoo Finance
Y,SACH,Sachem Capital Corp. Common Shares,A, ,N,100.0,N,,SACH,SACH,N,Real Estate,Yahoo Finance
Y,SAFE,Safehold Inc. Common Stock,N, ,N,100.0,N,,SAFE,SAFE,N,Real Estate,Yahoo Finance
Y,SBAC,SBA Communications Corporation - Class A Common Stock,Q,Q,N,100.0,N,N,,SBAC,N,Real Estate,Yahoo Finance
Y,SBRA,"Sabra Health Care REIT, Inc. - Common Stock",Q,Q,N,100.0,N,N,,SBRA,N,Real Estate,Yahoo Finance
Y,SELF,"Global Self Storage, Inc. - Common Stock",Q,S,N,100.0,N,N,,SELF,N,Real Estate,Yahoo Finance
Y,SHO,"Sunstone Hotel Investors, Inc. Sunstone Hotel Investors, Inc. Common Shares",N, ,N,100.0,N,,SHO,SHO,N,Real Estate,Yahoo Finance
Y,SITC,SITE Centers Corp. Common Stock,N, ,N,100.0,N,,SITC,SITC,N,Real Estate,Yahoo Finance
Y,SKT,"Tanger Factory Outlet Centers, Inc. Common Stock",N, ,N,100.0,N,,SKT,SKT,N,Real Estate,Yahoo Finance
Y,SLG,SL Green Realty Corp Common Stock,N, ,N,100.0,N,,SLG,SLG,N,Real Estate,Yahoo Finance
Y,SOHO,Sotherly Hotels Inc. - Common Stock,Q,G,N,100.0,N,N,,SOHO,N,Real Estate,Yahoo Finance
Y,SOHOB,Sotherly Hotels Inc. - 8.0% Series B Cumulative Redeemable Perpetual Preferred Stock,Q,G,N,100.0,N,N,,SOHOB,N,Real Estate,Yahoo Finance
Y,SOHON,Sotherly Hotels Inc. - 8.25% Series D Cumulative Redeemable Perpetual Preferred Stock,Q,G,N,100.0,N,N,,SOHON,N,Real Estate,Yahoo Finance
Y,SOHOO,Sotherly Hotels Inc. - 7.875% Series C Cumulative Redeemable Perpetual Preferred Stock,Q,G,N,100.0,N,N,,SOHOO,N,Real Estate,Yahoo Finance
Y,SPG,"Simon Property Group, Inc. Common Stock",N, ,N,100.0,N,,SPG,SPG,N,Real Estate,Yahoo Finance
Y,SRG,Seritage Growth Properties Class A Common Stock,N, ,N,100.0,N,,SRG,SRG,N,Real Estate,Yahoo Finance
Y,STAG,"Stag Industrial, Inc. Common Stock",N, ,N,100.0,N,,STAG,STAG,N,Real Estate,Yahoo Finance
Y,STRS,Stratus Properties Inc. - Common Stock,Q,Q,N,100.0,N,N,,STRS,N,Real Estate,Yahoo Finance
Y,STWD,"STARWOOD PROPERTY TRUST, INC. Starwood Property Trust Inc.",N, ,N,100.0,N,,STWD,STWD,N,Real Estate,Yahoo Finance
Y,SUI,"Sun Communities, Inc. Common Stock",N, ,N,100.0,N,,SUI,SUI,N,Real Estate,Yahoo Finance
Y,SUNS,Solar Senior Capital Ltd. - Common Stock,Q,Q,N,100.0,N,N,,SUNS,N,Real Estate,Yahoo Finance
Y,SVC,Service Properties Trust - Shares of Beneficial Interest,Q,Q,N,100.0,N,N,,SVC,N,Real Estate,Yahoo Finance
Y,TCI,"Transcontinental Realty Investors, Inc. Common Stock",N, ,N,100.0,N,,TCI,TCI,N,Real Estate,Yahoo Finance
Y,TPHS,Trinity Place Holdings Inc. Common Stock,A, ,N,100.0,N,,TPHS,TPHS,N,Real Estate,Yahoo Finance
Y,TRNO,Terreno Realty Corporation Common Stock,N, ,N,100.0,N,,TRNO,TRNO,N,Real Estate,Yahoo Finance
Y,TRTX,"TPG RE Finance Trust, Inc. Common Stock",N, ,N,100.0,N,,TRTX,TRTX,N,Real Estate,Yahoo Finance
Y,TWO,Two Harbors Investment Corp,N, ,N,100.0,N,,TWO,TWO,N,Real Estate,Yahoo Finance
Y,UDR,"UDR, Inc. Common Stock",N, ,N,100.0,N,,UDR,UDR,N,Real Estate,Yahoo Finance
Y,UE,Urban Edge Properties Common Shares of Beneficial Interest,N, ,N,100.0,N,,UE,UE,N,Real Estate,Yahoo Finance
Y,UHT,Universal Health Realty Income Trust Common Stock,N, ,N,100.0,N,,UHT,UHT,N,Real Estate,Yahoo Finance
Y,UMH,"UMH Properties, Inc. Common Stock",N, ,N,100.0,N,,UMH,UMH,N,Real Estate,Yahoo Finance
Y,UNIT,Uniti Group Inc. - Common Stock,Q,Q,N,100.0,N,N,,UNIT,N,Real Estate,Yahoo Finance
Y,VICI,VICI Properties Inc. Common Stock,N, ,N,100.0,N,,VICI,VICI,N,Real Estate,Yahoo Finance
Y,VNO,Vornado Realty Trust Common Stock,N, ,N,100.0,N,,VNO,VNO,N,Real Estate,Yahoo Finance
Y,VTR,"Ventas, Inc. Common Stock",N, ,N,100.0,N,,VTR,VTR,N,Real Estate,Yahoo Finance
Y,WELL,Welltower Inc. Common Stock,N, ,N,100.0,N,,WELL,WELL,N,Real Estate,Yahoo Finance
Y,WHLR,"Wheeler Real Estate Investment Trust, Inc. - Common Stock",Q,S,N,100.0,N,N,,WHLR,N,Real Estate,Yahoo Finance
Y,WHLRD,"Wheeler Real Estate Investment Trust, Inc. - Series D Cumulative Preferred Stock",Q,S,N,100.0,N,N,,WHLRD,N,Real Estate,Yahoo Finance
Y,WHLRP,"Wheeler Real Estate Investment Trust, Inc. - Series B Preferred Stock",Q,S,N,100.0,N,N,,WHLRP,N,Real Estate,Yahoo Finance
Y,WPC,W. P. Carey Inc. REIT,N, ,N,100.0,N,,WPC,WPC,N,Real Estate,Yahoo Finance
Y,WSR,Whitestone REIT Common Shares,N, ,N,100.0,N,,WSR,WSR,N,Real Estate,Yahoo Finance
Y,WY,Weyerhaeuser Company Common Stock,N, ,N,100.0,N,,WY,WY,N,Real Estate,Yahoo Finance
Y,XHR,"Xenia Hotels & Resorts, Inc. Common Stock",N, ,N,100.0,N,,XHR,XHR,N,Real Estate,Yahoo Finance
Y,XIN,Xinyuan Real Estate Co Ltd American Depositary Shares,N, ,N,100.0,N,,XIN,XIN,N,Real Estate,Yahoo Finance
